1;1. Post;1. Post is Post no. 1
2;2. Post;2. Post is Post no. 2
3;3. Post;3. Post is Post no. 3
4;4. Post;4. Post is Post no. 4
5;5. Post;5. Post is Post no. 5
6;6. Post;6. Post is Post no. 6
7;7. Post;7. Post is Post no. 7
8;8. Post;8. Post is Post no. 8
9;9. Post;9. Post is Post no. 9
10;10. Post;10. Post is Post no. 10
11;11. Post;11. Post is Post no. 11
12;12. Post;12. Post is Post no. 12
13;13. Post;13. Post is Post no. 13
14;14. Post;14. Post is Post no. 14
15;15. Post;15. Post is Post no. 15
16;16. Post;16. Post is Post no. 16
17;17. Post;17. Post is Post no. 17
18;18. Post;18. Post is Post no. 18
19;19. Post;19. Post is Post no. 19
20;20. Post;20. Post is Post no. 20
21;21. Post;21. Post is Post no. 21
22;22. Post;22. Post is Post no. 22
23;23. Post;23. Post is Post no. 23
24;24. Post;24. Post is Post no. 24
25;25. Post;25. Post is Post no. 25
26;26. Post;26. Post is Post no. 26
27;27. Post;27. Post is Post no. 27
28;28. Post;28. Post is Post no. 28
29;29. Post;29. Post is Post no. 29
30;30. Post;30. Post is Post no. 30
31;31. Post;31. Post is Post no. 31
32;32. Post;32. Post is Post no. 32
33;33. Post;33. Post is Post no. 33
34;34. Post;34. Post is Post no. 34
35;35. Post;35. Post is Post no. 35
36;36. Post;36. Post is Post no. 36
37;37. Post;37. Post is Post no. 37
38;38. Post;38. Post is Post no. 38
39;39. Post;39. Post is Post no. 39
40;40. Post;40. Post is Post no. 40
41;41. Post;41. Post is Post no. 41
42;42. Post;42. Post is Post no. 42
43;43. Post;43. Post is Post no. 43
44;44. Post;44. Post is Post no. 44
45;45. Post;45. Post is Post no. 45
46;46. Post;46. Post is Post no. 46
47;47. Post;47. Post is Post no. 47
48;48. Post;48. Post is Post no. 48
49;49. Post;49. Post is Post no. 49
50;50. Post;50. Post is Post no. 50
