26;Why Sailing is the Ultimate Team Sport;Learn how working together onboard strengthens bonds.
27;Sun Protection Tips for Sailors;Stay safe under the sun with these essential tips.
28;Sailing Through a Storm: A Guide to Staying Safe;What to do when the weather takes a turn.
29;How to Trim Your Sails for Maximum Speed;Master the art of sail trimming and go faster.
30;The Best Times of Year to Sail in Different Regions;Plan your trips with these seasonal sailing insights.
31;Top Sailing Documentaries and Movies to Watch;Get inspired by these amazing stories of the sea.
32;How to Join a Sailing Club;Meet other enthusiasts and enhance your sailing experience.
33;Anchoring Like a Pro: Tips for a Secure Hold;Avoid drifting away with these anchoring techniques.
34;Sailing Myths Debunked;Separate fact from fiction in the world of sailing.
35;How to Navigate Without Electronics;Rediscover traditional navigation techniques for emergencies.
36;Best Books for Sailing Enthusiasts;Add these must-read sailing books to your collection.
37;How to Plan a Sailing Itinerary;Tips for organizing the perfect trip from port to port.
38;The Evolution of Sailboat Design;Explore how technology has transformed sailing.
39;Sailing with Pets: What You Need to Know;Make the trip enjoyable for your furry friends.
40;How to Improve Your Helming Skills;Steer with confidence using these expert tips.
41;DIY Sailboat Repairs Every Sailor Should Know;Save time and money by fixing common issues yourself.
42;The Health Benefits of Sailing;Discover how sailing improves your physical and mental health.
43;The Most Famous Sailing Races in the World;Learn about the prestigious events every sailor dreams of.
44;How to Keep Your Sailboat Clean and Organized;A tidy boat is a happy boat. Here's how to do it.
45;Life Lessons Learned from Sailing;Find out how the ocean teaches resilience and patience.
46;How to Choose the Right Sailing Gear;"From jackets to boots; get the gear that suits your needs."
47;Tips for Sailing in Crowded Waters;Navigate busy ports and waterways like a pro.
48;How to Host a Party on Your Sailboat;Turn your boat into the perfect party venue.
49;The Science of Sailing: How Boats Sail Against the Wind;Dive into the physics behind the magic of sailing.
50;How to Spot Marine Wildlife While Sailing;Make your trips memorable by observing ocean creatures.
